Disease ID	HGVS nomenclature (GRCh38 reference)	Left flank	Right flank	Disease name
ALS	chr15:g.22786679_22786702CGG[8]	CGGGCGGAATGGGGACTGCAGCTGCGGCAG	CCGGGGAGGGGGCGCGTAGCCCGAGCCCCG	Amyotrophic lateral sclerosis
BSS	chr16:g.17470908_17470922GCC[5]	CCGCCGGCTGCCGCTCGGGCTCCCGCTCGG	CCCCTCCCCACACCCCTGTCCCCGCTGGAG	Baratela-Scott Syndrome
CANVAS	chr4:g.39348429_39348483GAAAA[11]	GGCAACAGAGCAAGACTCTGTTTCAAAAAA	AGCATGTTCTAAAGAGAATAGCAACGGTGT	Cerebellar Ataxia, Neuropathy, Vestibular Areflexia Syndrome
CCD	chr6:g.45422680_45422802AGC[24]CGG[17]	TGAGCGACGTGAGCCCGGTGGTGGCTGCGC	TGCCCCGGTTGCGGCCGCCCCACGACAACC	Cleidocranial dysplazia
DM1	chr19:g.45770207_45770266GCA[20]	GAAAGAAAGAAATGGTCTGTGATCCCCCCA	TTCCCGGCTACAAGGACCCTTCGAGCCCCG	Myotonic dystrophy type 1
DM2	chr3:g.129172580_129172733GCAG[20]ACAG[9]AC[19]	CCAGCCTAGGGGACAAAGTGAGACAGACAG	TGGCAGTAATACTCATTCACTCATTCCAAG	Myotonic dystrophy type 2
FAME2	chr2:g.96197070_96197124ATAAA[11]	TGGGCAACAAGAGCGAAACTCCGTCTCAAA	GCCAAGCACAACGGCTCACGCCTGTAATCC	Familial adult myoclonic epilepsy type 2
FAME4	chr3:g.183712192_183712226ATTTT[7]	TATTTTTGAGTTAGCATTTTATGTTCTTTT	TTGAGACAGAGTCTCACCCTGTCTCCCAGG	Familial adult myoclonic epilepsy type 4
FAME6	chr16:g.24613440_24613529TTTTA[18]	TCCTGGGATCAATGAGCAACTATTAAAGCA	TTTACTTATTTATTTAGAGATAGAGTCTTG	Familial adult myoclonic epilepsy type 6
FRAXA	chrX:g.147912052_147912111GGC[20]	GCGCCGCTGCCAGGGGGCGTGCGGCAGCGC	TGGGCCTCGAGCGCCCGCAGCCCACCTCTC	Fragile X syndrome of mental retardation
HD	chr4:g.3074878_3074973AGC[21]CGC[11]	TGAAGGCCTTCGAGTCCCTCAAGTCCTTCC	AGCTTCCTCAGCCGCCGCCGCAGGCACAGC	Huntingtons disease
RCPS	chr17:g.80147022_80147139CCTCGCTGTGCCGCTGCCGA[6]	CGCCGCTGCCGACCTCGCTGCCGCTGCCGA	GAACAGACGCCTTAAGTATGCGAAAGCGAG	Richieri-Costa-Pereira syndrome
SCA10	chr22:g.45795355_45795424ATTCT[14]	AAATATCCAACTAAAAGACTACTAGAATGG	TTTTGAGATGAAGTCTCTCTATGTTGCCCA	Spinocerebellar ataxia type 10